chrom,probe,probe_position,snp,snp_position,p_value,fdr,beta
19,cg24385559,54545515,chr19:54549774:A:T,54549774,0.0230059586994557,0.799431552200333,0.0327424786885246
19,cg24385559,54545515,chr19:54550487:T:C,54550487,0.039579995081689,0.86001047138238,-0.0248802418079096
