chrom,probe,probe_position,snp,snp_position,p_value,fdr,beta
19,cg01718139,54566838,chr19:54544717:A:G,54544717,0.0170313659574807,0.759453689501038,-0.0309923461538462
19,cg24385559,54545515,chr19:54545186:C:T,54545186,0.018977762183803,0.774519603874458,0.0337710533333333
19,cg24385559,54545515,chr19:54546809:G:A,54546809,0.0329098195565528,0.841162370765094,-0.0287477585714286
19,cg24385559,54545515,chr19:54548019:G:A,54548019,0.0306832289894413,0.83340254489218,-0.0291639458128079
19,cg24385559,54545515,chr19:54549717:G:A,54549717,0.0216327203040978,0.791505122961456,-0.0330425548387097
19,cg24385559,54545515,chr19:54549774:A:T,54549774,0.0230059586994557,0.799431552200333,0.0327424786885246
19,cg24385559,54545515,chr19:54550174:G:T,54550174,0.0230059586994557,0.799431552200333,0.0327424786885246
19,cg24385559,54545515,chr19:54550487:T:C,54550487,0.039579995081689,0.86001047138238,-0.0248802418079096
19,cg24385559,54545515,chr19:54553697:T:C,54553697,0.0418227160703107,0.865401705124803,-0.0176210536679537
19,cg24385559,54545515,chr19:54553764:T:G,54553764,0.0216327203040978,0.791505122961456,-0.0330425548387097
19,cg24385559,54545515,chr19:54554146:C:T,54554146,0.0216327203040978,0.791505122961456,0.0330425548387097
19,cg01718139,54566838,chr19:54566901:C:T,54566901,7.04679459875627e-05,0.0466548193902884,0.0362974251054852